id,created_at,avatar_url,name,email,location
14c8afd0-50cc-4aca-9547-c997ed306065,2025-02-21 12:29:21.704945+00,https://i.pravatar.cc/120?img=7,Ethan Reynolds,ethanreynolds@demoemail.com,United States
33a9549c-d436-4f53-ab61-86612c812fda,2025-02-21 12:29:59.907726+00,https://i.pravatar.cc/120?img=52,Eero Virtanen,virtanen@demoemail.com,Finland
4badfc0a-3ec0-4282-833a-6f90604f3e54,2025-02-21 12:28:50.565559+00,https://i.pravatar.cc/120?img=47,Viktoria Melnyk,viktoria@demoemail.com,Ukraine
6af079d1-e63e-499b-84b5-2c94720bdd4a,2025-02-21 12:31:38.60595+00,https://i.pravatar.cc/120?img=14,Elliot Mercer,elliotmercer@demoemail.com,Norway
6e09dac3-e052-4fa6-a57d-eabac73e8b38,2025-02-21 12:30:32.745623+00,https://i.pravatar.cc/120?img=68,Piotr Kaminski,kaminski@demoemail.com,Poland
a2ac4de2-383e-41c8-a1a2-17089c04ace7,2025-02-21 12:27:31.655131+00,https://i.pravatar.cc/120?img=16,Mira Thornton,mira@demoemail.com,Canada
a905829d-2302-4dfd-a758-ff40f25bf97a,2025-02-21 12:28:19.614953+00,https://i.pravatar.cc/120?img=31,Suhyun Park,suhyunpark@demoemail.com,South Korea